18.02,24.141,24.141
5.111,18.06,18.06
24.952,24.211,
21G.401,3.983,3.983
24.902,6.100L,24.902
24.900,24.280,
6.100L,24.952,24.952
8.01,5.111,5.111
8.02,6.101,
6.101,24.912,6.101
24.900,6.101,
8.01,24.280,24.280
6.100L,6.370,6.370
6.101,24.951,
8.01,6.101,6.101
8.02,24.211,24.211
24.900,21G.402,
6.390,24.970,24.970
21G.402,6.861,
18.02,6.390,18.02
24.900,24.951,
6.370,24.211,24.211
18.02,5.111,18.02
8.02,6.390,6.390
5.111,6.100L,5.111
24.900,6.390,24.900
24.141,24.260,24.141
8.01,21G.402,21G.402
18.06,6.120,
18.06,24.280,
18.02,6.100L,
24.141,24.912,24.141
18.02,6.861,6.861
18.02,24.970,24.970
6.100L,24.970,24.970
8.01,6.390,6.390
6.370,24.141,24.141
8.01,24.912,8.01
18.02,6.120,18.02
8.01,8.02,8.01
21G.401,21G.402,21G.402
6.100L,24.211,24.211
3.983,24.211,3.983
5.111,6.390,5.111
24.951,3.983,3.983
21G.402,6.370,21G.402
8.01,3.983,3.983
24.902,6.370,24.902
24.902,6.120,24.902
24.900,6.370,24.900
6.100L,6.390,6.390
24.912,24.260,24.260
24.951,24.211,24.211
24.951,6.390,24.951
8.01,24.951,24.951
18.06,24.951,18.06
24.141,3.983,24.141
24.952,6.861,24.952
6.100L,6.861,6.861
6.390,6.120,6.120
24.141,24.211,24.141
24.952,24.260,24.260
24.902,3.983,3.983
3.983,24.912,3.983
8.01,24.900,24.900
18.06,3.983,3.983
6.101,24.952,24.952
5.111,6.101,6.101
24.970,24.260,24.970
24.900,24.141,24.141
6.101,24.970,24.970
6.390,24.211,24.211
8.01,24.902,24.902
21G.401,24.141,24.141
24.141,6.861,24.141
3.983,24.952,
24.951,6.120,
24.900,24.260,24.260
24.912,24.280,
21G.402,6.101,21G.402
24.902,24.141,
8.02,24.902,24.902
24.280,6.861,
24.970,24.211,24.970
21G.402,6.100L,
8.02,6.120,6.120
21G.402,24.141,24.141
18.02,24.260,24.260
6.390,24.912,6.390
21G.401,24.951,24.951
5.111,21G.401,
24.951,24.141,24.141
18.06,6.861,
18.06,8.02,18.06
6.120,24.211,
24.902,6.861,6.861
24.902,24.912,24.902
24.141,6.120,
21G.401,24.902,
24.141,24.952,
18.02,6.101,
6.370,24.280,
21G.402,24.952,24.952
8.01,24.141,24.141
6.370,6.861,6.861
24.902,6.390,
5.111,24.141,24.141
18.06,24.912,
24.900,5.111,24.900
8.02,24.952,24.952
6.861,24.970,24.970
8.02,24.260,24.260
6.120,6.861,6.861
24.280,24.970,24.970
24.912,24.211,24.211
24.900,3.983,
6.370,24.970,24.970
5.111,21G.402,21G.402
5.111,24.211,24.211
6.390,6.861,6.861
24.280,24.260,24.260
5.111,24.952,24.952
21G.401,8.02,21G.401
21G.402,3.983,
18.02,24.280,18.02
21G.401,6.101,
21G.401,6.390,21G.401
24.951,24.280,24.280
6.370,24.951,24.951
24.912,6.120,6.120
6.101,24.280,
6.100L,24.260,24.260
24.900,6.100L,24.900
18.06,6.390,18.06
5.111,24.951,24.951
18.06,24.211,
18.02,6.370,18.02
24.912,24.952,24.952
6.120,24.970,24.970
18.02,24.912,18.02
24.260,24.211,24.260
24.902,24.970,24.970
18.02,24.211,24.211
24.900,21G.401,24.900
5.111,24.280,
21G.401,24.970,24.970
8.01,6.100L,8.01
8.01,24.211,24.211
24.141,6.390,24.141
8.02,21G.402,21G.402
18.06,6.370,18.06
6.370,24.260,24.260
24.902,24.211,24.211
24.951,24.912,24.951
5.111,6.120,6.120
5.111,3.983,3.983
6.101,24.141,24.141
24.952,6.120,24.952
6.370,24.952,24.952
18.02,18.06,18.02
6.390,24.280,24.280
18.02,24.951,
8.02,3.983,3.983
8.01,18.06,18.06
18.06,24.952,24.952
21G.402,24.260,24.260
6.100L,24.280,24.280
21G.402,24.211,
6.370,3.983,3.983
21G.401,6.370,
24.900,24.952,24.952
21G.401,24.211,24.211
24.900,24.912,24.900
21G.402,6.120,
6.100L,24.951,24.951
6.101,6.861,6.861
24.900,24.970,
18.02,24.900,24.900
21G.401,24.260,24.260
5.111,24.970,24.970
3.983,24.280,3.983
24.280,24.952,24.952
5.111,6.861,6.861
5.111,6.370,6.370
6.100L,24.141,24.141
18.02,8.01,18.02
21G.402,24.912,
8.02,6.100L,6.100L
8.02,24.970,24.970
24.952,24.970,24.970
18.06,24.141,24.141
6.101,6.120,
8.01,24.260,24.260
6.370,6.120,
24.900,6.120,24.900
5.111,8.02,5.111
5.111,24.912,5.111
8.01,21G.401,21G.401
3.983,24.970,24.970
24.902,24.951,
8.02,6.861,6.861
8.01,6.861,6.861
21G.402,24.280,
24.902,21G.402,
8.01,6.120,
8.02,24.280,
18.06,21G.402,
6.100L,6.120,
24.951,24.970,
24.280,6.120,
24.900,18.06,
24.951,24.952,24.952
18.02,21G.402,
8.02,24.951,
21G.401,24.952,
18.02,24.902,
21G.401,6.861,
21G.402,24.970,
24.900,8.02,
24.951,6.861,
21G.401,6.120,
21G.401,24.280,
8.02,24.912,24.912
3.983,6.120,
24.900,24.211,
6.101,24.211,24.211
6.100L,6.101,6.101
18.06,24.902,24.902
6.370,24.912,6.370
18.06,6.101,
21G.402,6.390,21G.402
6.101,3.983,3.983
18.06,24.970,24.970
18.06,24.260,24.260
3.983,6.390,3.983
3.983,6.861,3.983
24.141,24.970,24.141
6.100L,24.912,
21G.401,24.912,
6.120,24.260,24.260
21G.401,6.100L,
6.101,24.260,24.260
6.100L,3.983,
18.02,3.983,
24.951,24.260,
24.280,24.211,24.211
24.912,6.861,6.861
24.900,6.861,
8.01,24.970,24.970
6.101,6.390,
24.902,24.280,24.902
18.02,8.02,18.02
6.370,6.390,6.370
8.02,6.370,6.370
6.861,24.260,24.260
24.912,24.970,24.970
5.111,24.260,24.260
8.01,6.370,6.370
8.01,24.952,24.952
21G.401,18.06,
24.902,6.101,
18.06,6.100L,
24.900,24.902,24.900
6.390,24.260,24.260
8.02,24.141,24.141
3.983,24.260,24.260
6.370,6.101,
18.02,21G.401,18.02
6.861,24.211,24.211
6.390,24.952,24.952
5.111,24.902,24.902
24.902,24.952,24.952
24.141,24.280,24.141
24.902,24.260,24.260
21G.402,24.951,
18.02,24.952,24.952